,Balansowanie drzewa BST,std_BST
0,0.0005799922000000012,0.0017271601324855997
0,0.0011896703999999536,0.003558118518335389
0,0.0021131696999999506,0.006327816357961959
0,0.0031937770000000087,0.009564618676027842
0,0.00430499929999999,0.012897588745261836
0,0.00573273280000004,0.017184395701730804
0,0.007725798499999969,0.02316275943893155
0,0.011213086500000058,0.03362414007761091
0,0.011554597600000082,0.03464238715026785
0,0.013009934000000011,0.03901488241734763
