,Balansowanie drzewa BST,std_BST
0,0.003125,0.006250000000000001
0,0.0046875,0.007160274523368499
0,0.0203125,0.010004881620988827
0,0.0328125,0.0109375
0,0.025,0.007654655446197432
0,0.0390625,0.018814991529362963
0,0.0453125,0.016312978920172735
0,0.04375,0.019515618744994995
0,0.053125,0.017399263633843816
0,0.084375,0.010364452469860626
