,algorytm dynamiczny_mean_60,algorytm zachłanny_mean_60,algorytm siłowy_mean_60
0,0.00017793973286946615,6.1194101969401044e-06,4.569689432779948e-05
1,0.00032782554626464844,7.62939453125e-06,0.0017650922139485676
2,0.0004309813181559245,8.185704549153646e-06,0.06862616539001465
3,0.0005243619283040365,9.139378865559896e-06,2.560049295425415
4,0.0006268024444580078,1.0569890340169271e-05,94.46516688664754
