,algorytm dynamiczny_mean_3000,algorytm zachłanny_mean_3000
0,1.3138496081034343,0.000387271245320638
1,2.342892567316691,0.0006972948710123698
2,3.128925641377767,0.0011816819508870442
3,3.7324708302815757,0.0018849372863769531
4,4.397571961085002,0.0019516944885253906
5,4.974210659662883,0.0026515324910481772
6,5.624461094538371,0.0029042561848958335
7,6.249029318491618,0.003415664037068685
8,6.8520205815633135,0.003936608632405599
9,7.5190662542978925,0.004293600718180339
