,algorytm siłowy_mean_1000,algorytm siłowy_mean_2000,algorytm siłowy_mean_3000,algorytm siłowy_mean_4000,algorytm siłowy_mean_5000,algorytm siłowy_mean_6000,algorytm siłowy_mean_7000,algorytm siłowy_mean_8000,algorytm siłowy_mean_9000,algorytm siłowy_mean_10000
0,2.436383326848348,2.454245408376058,2.4546457131703696,2.4281202952067056,2.4251702626546225,2.462991714477539,2.4368982315063477,2.425374666849772,2.4507521788279214,2.4434691270192466
