,algorytm dynamiczny_mean,algorytm zachłanny_mean,algorytm siłowy_mean,capacity
0,0.0001659393310546875,5.880991617838542e-06,4.315376281738281e-05,50
1,0.0005064805348714193,6.67572021484375e-06,0.0017155806223551433,100
2,0.001123189926147461,1.33514404296875e-05,0.06636325518290202,150
3,0.0018679300944010417,1.1920928955078125e-05,2.4328552881876626,200
4,0.0026443004608154297,1.3669331868489584e-05,93.06579939524333,250
