,algorytm dynamiczny_mean,algorytm zachłanny_mean,algorytm siłowy_mean,capacity
0,0.0004437764485677083,6.516774495442708e-06,0.0015790462493896484,100
1,0.0006163120269775391,5.3246815999348956e-06,0.007025957107543945,120
2,0.0008383591969807943,5.7220458984375e-06,0.03036220868428548,140
3,0.0010822614034016926,7.62939453125e-06,0.13202476501464844,160
4,0.0013488928476969402,6.198883056640625e-06,0.575152317682902,180
5,0.0016557375590006511,8.026758829752604e-06,2.4375315507253013,200
