,algorytm dynamiczny_mean_60,algorytm zachłanny_mean_60,algorytm siłowy_mean_60
0,0.0006093184153238932,1.0887781778971354e-05,96.44509450594585
