,algorytm dynamiczny_mean_1000,algorytm zachłanny_mean_1000,algorytm dynamiczny_mean_2000,algorytm zachłanny_mean_2000,algorytm dynamiczny_mean_3000,algorytm zachłanny_mean_3000,algorytm dynamiczny_mean_4000,algorytm zachłanny_mean_4000,algorytm dynamiczny_mean_5000,algorytm zachłanny_mean_5000,algorytm dynamiczny_mean_6000,algorytm zachłanny_mean_6000,algorytm dynamiczny_mean_7000,algorytm zachłanny_mean_7000,algorytm dynamiczny_mean_8000,algorytm zachłanny_mean_8000,algorytm dynamiczny_mean_9000,algorytm zachłanny_mean_9000,algorytm dynamiczny_mean_10000,algorytm zachłanny_mean_10000
0,0.7710722287495931,0.0011891523996988933,1.808761755625407,0.002396265665690104,3.1396210193634033,0.0011287530263264973,4.6487947305043535,0.001214742660522461,6.14521853129069,0.0011359055836995442,7.648589293162028,0.0011171499888102214,9.179030736287435,0.0011908213297526042,10.686515092849731,0.004917701085408528,12.186959346135458,0.0011156400044759114,13.74938670794169,0.0011416276295979817
