,algorytm siłowy_std_1000,algorytm siłowy_std_2000,algorytm siłowy_std_3000,algorytm siłowy_std_4000,algorytm siłowy_std_5000,algorytm siłowy_std_6000,algorytm siłowy_std_7000,algorytm siłowy_std_8000,algorytm siłowy_std_9000,algorytm siłowy_std_10000
0,0.009047446166457617,0.011160500783041991,0.02495429434678394,0.004765645115267704,0.0012444145969461422,0.004596476096309483,0.013425081123390867,0.0022700859824391372,0.007133905745331274,0.0027070365721916464
