,algorytm dynamiczny_std_1000,algorytm zachłanny_std_1000,algorytm dynamiczny_std_2000,algorytm zachłanny_std_2000,algorytm dynamiczny_std_3000,algorytm zachłanny_std_3000,algorytm dynamiczny_std_4000,algorytm zachłanny_std_4000,algorytm dynamiczny_std_5000,algorytm zachłanny_std_5000,algorytm dynamiczny_std_6000,algorytm zachłanny_std_6000,algorytm dynamiczny_std_7000,algorytm zachłanny_std_7000,algorytm dynamiczny_std_8000,algorytm zachłanny_std_8000,algorytm dynamiczny_std_9000,algorytm zachłanny_std_9000,algorytm dynamiczny_std_10000,algorytm zachłanny_std_10000
0,0.006665916130344149,0.0001265924576648349,0.012641788135952688,4.239711338154202e-05,0.0022134495656220498,2.8165253236562967e-05,0.023430570522864982,0.00011733892550386699,0.01943599604920143,5.578021066873644e-05,0.024134464538726724,5.1139658258722385e-05,0.020869533513541035,8.277997747736972e-05,0.018383614970771265,0.005253296632371046,0.02204128792289565,4.974150356411597e-05,0.061025055425249455,6.182181445409174e-05
