,algorytm dynamiczny_std_60,algorytm zachłanny_std_60,algorytm siłowy_std_60
0,5.775878369206308e-06,2.769033335079248e-06,5.959934634924785e-06
1,1.3846079012168698e-05,1.3626756826625066e-06,3.83398689095148e-05
2,6.733185316713694e-06,2.816525323656297e-06,0.0037976770432442838
3,6.35087109375224e-06,3.1529799183014827e-06,0.06109222106771595
4,9.637538400367611e-06,3.6643797185893074e-06,0.11622369114875208
