,algorytm dynamiczny_std,algorytm zachłanny_std,algorytm siłowy_std,capacity
0,2.1586502358631147e-05,2.4802663380825098e-06,1.3968697474813711e-05,100
1,4.913197045667564e-06,1.4740019632173703e-06,7.831533188490912e-05,120
2,4.270880649103928e-06,1.6970758838703332e-06,3.457882299618753e-05,140
3,5.841120028499908e-06,3.7293015183290056e-06,0.00048784616732269927,160
4,3.3283856060301343e-06,1.877309769156411e-06,0.001614975164277433,180
5,6.305959836602965e-06,3.440357974674441e-06,0.007956327454565272,200
