,algorytm dynamiczny_std_1000,algorytm zachłanny_std_1000,algorytm siłowy_std_1000,algorytm dynamiczny_std_2000,algorytm zachłanny_std_2000,algorytm siłowy_std_2000,algorytm dynamiczny_std_3000,algorytm zachłanny_std_3000,algorytm siłowy_std_3000,algorytm dynamiczny_std_4000,algorytm zachłanny_std_4000,algorytm siłowy_std_4000,algorytm dynamiczny_std_5000,algorytm zachłanny_std_5000,algorytm siłowy_std_5000,algorytm dynamiczny_std_6000,algorytm zachłanny_std_6000,algorytm siłowy_std_6000,algorytm dynamiczny_std_7000,algorytm zachłanny_std_7000,algorytm siłowy_std_7000,algorytm dynamiczny_std_8000,algorytm zachłanny_std_8000,algorytm siłowy_std_8000,algorytm dynamiczny_std_9000,algorytm zachłanny_std_9000,algorytm siłowy_std_9000,algorytm dynamiczny_std_10000,algorytm zachłanny_std_10000,algorytm siłowy_std_10000
0,8.159823381115654e-05,4.561215989520309e-06,0.009404508460444551,2.577151795763181e-05,4.449060758679201e-06,0.0007329666340900213,0.0009689645955562209,4.112672498364643e-06,0.003372660832219602,7.904605700895806e-05,5.009942853442664e-06,0.028631308422789617,1.3166137010670539e-05,4.512491088415269e-06,0.0037216961701588445,0.00025911411419749175,4.512491088415269e-06,0.004703631011827818,0.0006234564647952223,4.224787985484445e-06,0.0024684093570506984,0.00011789085548540283,4.2753148575823355e-06,0.0038531767231019935,0.0006567881867494515,4.103447800771582e-06,0.0017940420882162687,0.0012611455581679487,4.050777733286113e-06,0.0039600514712959224
